{
	"class_name" : "PinholeCameraParameters",
	"extrinsic" : 
	[
		0.055309519982863507,
		-0.33508882025270526,
		0.94056171490281026,
		0.0,
		-0.99841824591198591,
		-0.028083033068935073,
		0.048706770409075326,
		0.0,
		0.010092731508293483,
		-0.94176792565647471,
		-0.33611205122012838,
		0.0,
		0.91199369972946542,
		3.2372212821229711,
		6.5996442175140313,
		1.0
	],
	"intrinsic" : 
	{
		"height" : 1136,
		"intrinsic_matrix" : 
		[
			983.80485869912241,
			0.0,
			0.0,
			0.0,
			983.80485869912241,
			0.0,
			923.5,
			567.5,
			1.0
		],
		"width" : 1848
	},
	"version_major" : 1,
	"version_minor" : 0
}