{
	"class_name" : "PinholeCameraParameters",
	"extrinsic" : 
	[
		0.022200012372591671,
		-0.25939294660891971,
		0.96551667965923782,
		0.0,
		-0.99968677193708377,
		0.0054024614834523007,
		0.0244370911512172,
		0.0,
		-0.011554975753754772,
		-0.9657567564658619,
		-0.25919176274694339,
		0.0,
		-0.54232594986933025,
		3.7804597240456741,
		5.929572726226767,
		1.0
	],
	"intrinsic" : 
	{
		"height" : 1080,
		"intrinsic_matrix" : 
		[
			589.30659057740661,
			0.0,
			0.0,
			0.0,
			589.30659057740661,
			0.0,
			959.5,
			539.5,
			1.0
		],
		"width" : 1920
	},
	"version_major" : 1,
	"version_minor" : 0
}